Keyword,Intent,Volume,Trend,Keyword Difficulty,CPC (USD),Competitive Density,SERP Features,Number of Results
how many cards in a tarot deck,Informational,6600,"0.44,1.00,0.67,0.55,0.36,0.82,0.82,0.82,0.67,0.36,0.67,0.82",18,0.00,0.00,"Sitelinks, AI Overview, Video, People also ask, Related searches",12000000
how to read tarot cards,Informational,6600,"1.00,0.80,0.65,0.80,0.50,0.20,1.00,0.50,1.00,1.00,0.20,0.65",23,0.00,0.00,"Sitelinks, AI Overview, Video, Video carousel, Related searches",89100000
how many tarot cards are there,Informational,5400,"0.24,0.24,0.54,0.81,0.66,0.66,1.00,0.16,1.00,0.81,0.08,0.08",32,0.00,0.00,"Sitelinks, AI Overview, Video, People also ask, Related searches",68500000
how to shuffle tarot cards,Informational,4400,"0.54,1.00,0.81,1.00,0.81,0.43,0.66,0.66,0.15,1.00,0.03,0.54",7,0.00,0.00,"Sitelinks, AI Overview, Video, Video carousel, People also ask, Related searches",43700000
are tarot cards evil,Informational,3600,"0.66,0.44,0.44,0.35,0.29,0.35,0.23,0.35,1.00,0.35,1.00,0.35",28,0.00,0.00,"Sitelinks, AI Overview, Image, Image pack, Video, Video carousel, People also ask, Related searches",7280000
how many cards are in a tarot deck,Informational,2900,"0.28,0.67,0.54,0.36,0.20,0.02,0.67,0.43,0.36,0.43,1.00,0.54",22,0.00,0.00,"Sitelinks, AI Overview, Video, People also ask, Related searches",12900000
how to use tarot cards,Informational,2900,"1.00,0.19,0.29,0.66,0.35,0.12,0.12,0.44,0.35,0.10,0.05,0.54",16,0.00,0.00,"Sitelinks, AI Overview, Image, Video, Video carousel, Discussions and forums, Related searches",41900000
what are tarot cards,Informational,2900,"0.20,0.36,0.54,0.43,0.81,0.43,0.43,1.00,0.23,0.67,0.54,0.02",57,0.00,0.00,"Sitelinks, AI Overview, Video, People also ask, Discussions and forums, Related searches",113000000
how to do a tarot reading,Informational,2400,"0.36,0.19,0.19,0.19,0.10,1.00,0.54,0.43,0.54,0.19,0.24,0.24",11,0.00,0.00,"Sitelinks, AI Overview, Video, Video carousel, Discussions and forums, Related searches",166000000
how to use tarot cards balatro,Informational,1900,"0.01,0.36,1.00,0.54,0.07,0.54,0.54,0.08,0.00,0.00,0.00,0.00",27,0.00,0.00,"Sitelinks, AI Overview, Image, Image pack, Video, Video carousel, People also ask, Related searches",10
what is tarot,Informational,1900,"0.53,0.44,0.44,0.44,0.44,0.80,0.36,0.80,0.44,0.44,1.00,0.44",57,0.00,0.00,"Sitelinks, AI Overview, Instant answer, Video, Video carousel, People also ask, Knowledge panel, Related searches",130000000
how to read tarot,Informational,1600,"0.19,0.15,0.24,0.36,0.24,1.00,0.19,0.15,0.13,0.24,0.15,0.19",20,0.00,0.00,"Sitelinks, AI Overview, Video, Video carousel, People also ask, Related searches",72200000
what is tarot reading,Informational,1600,"0.44,1.00,0.36,0.24,0.44,0.44,0.36,0.36,0.44,0.44,0.27,0.03",36,0.00,0.00,"Sitelinks, AI Overview, Video, Video carousel, People also ask, Knowledge panel, Discussions and forums, Related searches",102000000
how many cards in tarot deck,Informational,1300,"0.65,0.65,0.20,0.54,0.12,0.10,0.01,0.00,0.20,1.00,0.04,0.04",44,0.00,0.00,"Sitelinks, AI Overview, Video, People also ask, Related searches",13100000
what tarot card am i,Informational,1300,"0.08,0.08,0.05,0.07,0.07,0.08,0.10,0.16,1.00,0.66,0.18,0.16",19,0.00,0.00,"Sitelinks, AI Overview, Video, Discussions and forums, Related searches",53800000
are tarot cards real,Informational,1000,"1.00,0.76,0.76,0.76,0.76,0.76,0.68,0.76,0.76,0.76,0.76,0.54",25,0.00,0.00,"Sitelinks, AI Overview, Video, People also ask, Related searches",32200000
how many tarot cards in a deck,Informational,1000,"0.10,0.16,0.16,1.00,0.10,0.43,0.08,0.54,0.04,0.00,0.00,0.43",43,0.00,0.00,"Sitelinks, AI Overview, Image pack, Video, People also ask, Related searches",12500000
how to do tarot cards,Informational,1000,"0.34,1.00,0.30,0.24,0.16,0.24,0.24,0.24,0.20,0.20,0.16,0.16",25,0.00,0.00,"Sitelinks, AI Overview, Video, Video carousel, Discussions and forums, Related searches",50200000
how to pull tarot cards,Informational,1000,"0.04,0.05,0.04,0.04,0.03,0.04,0.05,0.05,0.04,1.00,0.05,0.43",13,0.00,0.00,"Sitelinks, AI Overview, Video, Video carousel, Related searches",64600000
what does the moon tarot card meaning in love,Informational,1000,"1.00,0.00,0.00",11,0.00,0.00,"Sitelinks, AI Overview, Video, People also ask",
what does the tower tarot card mean,Informational,1000,"0.41,0.41,0.37,0.54,0.37,0.37,0.37,0.24,0.29,0.29,1.00,0.54",23,0.00,0.00,"Sitelinks, AI Overview, Video, People also ask, Knowledge panel, Related searches",2040000
what is a clarifying card in tarot,Informational,1000,"1.00,0.00,0.00,0.00,0.00",1,0.00,0.00,"Sitelinks, AI Overview, Image pack, Video, Related searches",227000
what tarot card represents me,Informational,1000,"0.19,1.00,0.13,0.13,0.08,0.10,0.05,0.04,0.04,0.04,0.03,0.03",22,0.00,0.00,"Sitelinks, AI Overview, Video, People also ask, Discussions and forums, Related searches",5620000
are tarot cards accurate,Informational,880,"0.54,0.20,0.08,0.01,0.01,0.02,0.01,0.02,0.05,0.13,1.00,0.00",10,0.00,0.00,"Sitelinks, AI Overview, Video, Video carousel, People also ask, Related searches",4590000
how to cleanse tarot cards,Informational,880,"0.24,0.24,0.16,1.00,0.00,0.07,0.16,0.20,0.16,0.16,0.16,0.07",4,0.00,0.00,"Sitelinks, AI Overview, Video, Video carousel, People also ask, Related searches",1420000
is tarot reading real,Informational,880,"1.00,1.00,0.88,1.00,0.88,0.88,0.72,0.88,0.88,0.88,0.72,0.02",17,0.00,0.00,"Sitelinks, AI Overview, Video, Video carousel, People also ask, Related searches",56100000
what do swords represent in tarot,Informational,880,"0.20,0.20,0.20,1.00,0.20,0.20,0.79,0.20,0.79,0.20,0.24,0.20",32,0.00,0.00,"Sitelinks, AI Overview, Video, Video carousel, People also ask, Related searches",1060000
what do wands represent in tarot,Informational,880,"0.24,1.00,0.24,0.30,0.20,0.24,0.20,0.24,0.79,0.24,0.24,0.24",19,0.00,0.00,"Sitelinks, AI Overview, Video, People also ask, Discussions and forums, Related searches",874000
what does the hanged man tarot card mean,Informational,880,"0.16,0.16,0.13,0.16,0.02,1.00,0.13,0.10,0.13,0.16,0.16,0.20",30,0.00,0.00,"Sitelinks, AI Overview, Video, Related searches",638000
what is tarot card reading,Informational,880,"0.77,1.00,1.00,0.77,0.77,0.77,0.10,0.02,0.01,1.00,0.77,1.00",46,0.00,0.00,"Sitelinks, AI Overview, Video, Video carousel, People also ask, Knowledge panel, Related searches",55100000
how to use the tarot,Informational,720,"0.76,0.67,0.76,0.67,0.55,0.16,0.13,0.20,0.55,0.03,0.55,1.00",17,0.19,0.25,"Sitelinks, AI Overview, Image, Image pack, Video, Video carousel, People also ask, Discussions and forums, Related searches",10
may 10 2025 horoscope tarot,Informational,720,"1.00,0.00,0.00,0.00,0.00",16,0.00,0.00,"AI Overview, Image pack, Video",22600000
what does the death card mean in tarot,Informational,720,"1.00,0.76,0.45,0.45,0.45,0.76,0.45,0.24,0.67,0.45,0.76,0.45",25,0.00,0.00,"Featured snippet, Sitelinks, Video, People also ask, Knowledge panel, Related searches",7930000
what does the empress tarot card mean,Informational,720,"0.46,0.46,0.37,0.37,0.31,0.37,0.37,0.08,0.31,0.31,1.00,0.05",25,0.00,0.00,"Featured snippet, Sitelinks, Video, People also ask, Related searches",864000
what does the fool tarot card mean,Informational,720,"0.47,0.33,0.33,0.33,0.33,0.07,1.00,0.33,0.33,0.47,0.47,0.07",16,0.00,0.00,"Sitelinks, AI Overview, Video, People also ask, Related searches",1630000
what does the hermit tarot card mean,Informational,720,"0.60,0.80,0.80,1.00,0.80,0.60,0.60,0.60,0.60,0.60,0.60,0.60",25,0.00,0.00,"Sitelinks, AI Overview, Video, People also ask, Knowledge panel, Related searches",920000
what does the high priestess tarot card mean,Informational,720,"0.37,0.31,0.25,0.37,0.31,0.25,0.25,0.31,0.31,0.37,1.00,0.31",25,0.00,0.00,"Sitelinks, AI Overview, Instant answer, Image, Video, Knowledge panel, Related searches",944000
what does the moon tarot card mean,Informational,720,"1.00,0.75,0.75,0.75,0.75,0.75,0.75,0.50,0.75,0.75,0.75,0.75",34,0.00,0.00,"Sitelinks, Video, People also ask, Knowledge panel, Related searches",8360000
what is my tarot card,Informational,720,"0.30,0.24,0.20,0.20,0.16,1.00,0.16,0.16,0.16,0.16,0.16,0.16",31,0.00,0.00,"Sitelinks, AI Overview, Image, Video, Discussions and forums, Related searches, Ads bottom",70700000
which tarot card represents me,Informational,720,"0.10,0.10,0.07,0.03,1.00,0.03,0.03,0.03,0.03,0.03,0.03,0.01",22,0.00,0.00,"Sitelinks, AI Overview, Image, Video, People also ask, Discussions and forums, Related searches",5240000
can't use tarot card balatro,Informational,590,"1.00,0.00,0.00,0.00,0.00,0.00,0.00,0.00,0.00,0.00",16,0.00,0.00,"Sitelinks, AI Overview, Image, Image pack, Video, Video carousel, People also ask, Related searches",25100
how did paxton survive in tarot,Informational,590,"1.00,0.43,0.14,0.29,0.14,0.00,0.29,0.00,0.00,0.00,0.29,0.00",25,0.00,0.00,"Sitelinks, AI Overview, Image pack, Video, Related searches",61
how to do a tarot card reading,Informational,590,"0.52,0.68,0.84,0.05,0.03,1.00,0.16,0.25,0.16,0.11,0.08,0.08",27,0.00,0.00,"Sitelinks, AI Overview, Video, Video carousel, People also ask, Discussions and forums, Related searches",57300000
how to read tarot cards for beginners,Informational,590,"0.28,0.45,0.17,0.07,1.00,0.00,0.07,0.03,0.00,0.03,0.03,0.00",17,0.00,0.00,"Sitelinks, AI Overview, Video, People also ask, Related searches",72100000
what does death mean in tarot,Informational,590,"0.59,0.32,1.00,0.39,0.59,0.48,0.88,0.59,0.88,0.39,0.48,0.39",30,0.00,0.00,"Sitelinks, Instant answer, Video, Video carousel, People also ask, Knowledge panel, Related searches",16400000
what does death tarot card mean,Informational,590,"0.36,0.30,0.45,0.24,0.67,1.00,0.20,0.45,0.20,0.24,0.55,0.55",31,0.00,0.00,"Sitelinks, AI Overview, Video, People also ask, Knowledge panel, Related searches",7670000
what does the devil card mean in tarot,Informational,590,"0.67,0.53,0.53,0.67,1.00,1.00,0.80,0.80,1.00,0.80,1.00,1.00",27,0.00,0.00,"Featured snippet, Sitelinks, Image, Video, People also ask, Knowledge panel, Related searches",2440000
what does the lovers tarot card mean,Informational,590,"1.00,0.71,0.71,0.57,0.71,0.14,0.57,0.57,0.57,0.71,0.57,0.57",39,0.00,0.00,"Featured snippet, Sitelinks, Image pack, Video, People also ask, Knowledge panel, Discussions and forums, Related searches",4630000
what does the magician tarot card mean,Informational,590,"1.00,1.00,0.81,0.81,0.54,0.66,0.81,0.81,0.54,0.81,0.66,0.01",41,0.00,0.00,"Sitelinks, AI Overview, Video, People also ask, Knowledge panel, Related searches",1270000
what tarot card that linda g the comanche psychic use,Informational,590,"1.00,0.00,0.00,0.00,0.00,0.00",23,0.00,0.00,"Image pack, People also ask, Related searches",142000
how do tarot cards work,Informational,480,"0.13,0.10,0.13,0.10,0.05,0.07,0.03,0.13,0.10,0.04,0.00,1.00",23,0.00,0.00,"Sitelinks, AI Overview, Image pack, Video, People also ask, Related searches",34200000
how do you pronounce tarot,Informational,480,"0.68,0.43,0.43,0.35,0.43,0.84,0.54,0.68,0.35,0.54,1.00,1.00",33,0.00,0.00,"Sitelinks, Video, Video carousel, Short videos, Knowledge panel, Related searches",2010000
what are tarot cards used for,Informational,480,"0.16,0.03,0.16,0.20,0.03,0.13,0.13,1.00,0.16,0.00,0.00,0.00",33,0.00,0.00,"Sitelinks, AI Overview, Video, Related searches",24700000
what does death card mean in tarot,Informational,480,"0.67,1.00,1.00,0.28,0.28,0.35,0.67,0.54,0.24,0.67,0.80,0.17",28,0.00,0.00,"Featured snippet, Sitelinks, Image pack, Video, Knowledge panel, Related searches",7840000
what does hermit mean in tarot cards,Informational,480,"0.67,0.29,0.67,0.19,0.81,0.67,0.54,0.67,0.67,0.19,0.19,1.00",12,0.03,0.00,"Sitelinks, AI Overview, Video, Video carousel, People also ask, Related searches",891000
what does the chariot mean in tarot,Informational,480,"0.67,0.67,0.54,0.54,0.67,0.67,0.44,0.44,0.44,0.67,0.54,1.00",27,0.00,0.00,"Featured snippet, Sitelinks, Image pack, Video, Knowledge panel, Related searches",805000
what does the death card mean in tarot reading,Informational,480,"0.67,0.08,0.30,0.16,0.20,0.24,1.00,0.76,0.76,0.08,0.55,0.76",26,0.00,0.00,"Sitelinks, AI Overview, Video, People also ask, Related searches",4580000
what does the death tarot card mean,Informational,480,"0.31,0.31,0.20,0.20,0.31,1.00,0.00,0.25,0.00,0.02,0.20,0.25",19,0.00,0.00,"Sitelinks, AI Overview, Video, Related searches",7940000
what does the devil tarot card mean,Informational,480,"1.00,1.00,0.84,0.68,0.54,0.54,0.54,0.54,0.43,0.05,0.54,0.68",18,0.00,0.00,"Sitelinks, AI Overview, Video, Knowledge panel, Related searches",2480000
what does the emperor tarot card mean,Informational,480,"0.83,0.83,0.67,0.83,0.67,1.00,0.83,0.83,0.67,0.67,0.22,0.83",30,0.00,0.00,"Sitelinks, AI Overview, Video, People also ask, Knowledge panel, Related searches",1080000
what does the hanged man mean in tarot,Informational,480,"0.66,0.54,0.54,0.54,0.81,1.00,0.81,0.36,0.81,0.81,0.81,0.81",24,0.00,0.00,"Featured snippet, Sitelinks, Video, People also ask, Knowledge panel, Related searches",780000
what does the stars mean in tarot,Informational,480,"0.67,0.29,0.67,0.15,0.36,0.67,0.54,0.67,0.67,0.19,0.67,1.00",35,0.00,0.00,"Sitelinks, Instant answer, Image pack, Video, Knowledge panel, Related searches",4870000
what does the sun tarot card mean,Informational,480,"1.00,1.00,1.00,1.00,0.67,0.67,0.67,0.00,0.67,0.00,0.00,0.67",19,0.00,0.00,"AI Overview, Video, People also ask, Related searches",19600000
what tarot card are you,Informational,480,"0.03,1.00,0.03,0.03,0.03,0.04,0.04,0.03,0.03,0.03,0.03,0.03",19,0.00,0.00,"Sitelinks, Video, People also ask, Knowledge panel, Discussions and forums, Related searches",68700000
where did tarot originate,Informational,480,"1.00,0.66,0.66,0.81,0.66,1.00,0.66,0.66,0.66,0.66,0.81,0.01",49,0.00,0.00,"Sitelinks, AI Overview, Image pack, Video, Related searches",826000
where to watch tarot,Informational,480,"0.02,1.00,0.00,0.00,0.00,0.00,0.00,0.00,0.00,0.00,0.00,0.00",26,0.00,0.00,"Image pack, Video, People also ask, Knowledge panel, Discussions and forums, Related searches",56200000
which tarot card are you,Informational,480,"0.04,0.07,0.07,0.13,0.13,0.13,0.13,0.66,0.13,0.13,1.00,1.00",16,0.00,0.00,"Sitelinks, Image pack, Video, Related searches",64300000
cómo echar las cartas del tarot a uno mismo,Informational,390,"1.00,0.14,0.00,0.00,0.00,0.00",23,0.00,0.00,"Sitelinks, AI Overview, Image pack, Video, People also ask, Related searches",952000
do tarot cards work,Informational,390,"0.00,0.00,0.00,0.00,1.00,0.02,0.02,0.02,0.02,0.06,0.04,0.04",24,0.00,0.00,"Sitelinks, AI Overview, Video, Related searches",
how does tarot work,Informational,390,"0.82,0.03,0.11,0.05,0.05,0.07,0.04,0.03,0.13,1.00,0.00,0.00",15,0.00,0.00,"Sitelinks, AI Overview, Image pack, Video, Discussions and forums, Related searches",66500000
how many tarot cards are in a deck,Informational,390,"0.07,0.08,0.05,0.65,0.04,0.00,0.00,0.00,0.00,0.01,0.10,1.00",27,0.00,0.00,"Sitelinks, AI Overview, Video, People also ask, Related searches",12200000
how to code tarot cards in java,Informational,390,"1.00,0.00,0.00,0.00,0.00",23,0.00,0.00,"AI Overview, Image pack, Video, People also ask, Discussions and forums",51600
how to draw tarot cards,Informational,390,"0.16,0.11,0.16,0.13,0.11,0.11,0.11,1.00,0.11,0.13,0.13,0.13",25,0.00,0.00,"Sitelinks, AI Overview, Image pack, Video, Related searches",6890000
how to read playing cards as tarot,Informational,390,"0.11,0.16,0.13,0.08,0.05,0.11,0.16,0.16,0.11,1.00,0.13,0.16",36,0.00,0.00,"Sitelinks, AI Overview, Image, Image pack, Video, Video carousel, People also ask, Related searches",16500000
how to tarot card reading,Informational,390,"0.20,0.17,0.17,0.12,0.11,0.11,0.11,0.11,1.00,0.11,0.11,0.12",44,0.00,0.00,"Sitelinks, AI Overview, Image pack, Video, People also ask, Discussions and forums, Related searches",49400000
is tarot cards evil,Informational,390,"0.36,0.44,0.55,1.00,0.82,0.00,0.55,0.82,0.82,0.65,0.55,0.00",29,0.00,0.00,"Sitelinks, AI Overview, Image, Video, Video carousel, People also ask, Related searches",6860000
is tarot real,Informational,390,"1.00,0.44,0.22,0.22,0.22,0.22,0.22,0.22,0.22,0.22,0.22,0.22",25,0.00,0.00,"Sitelinks, AI Overview, Video, Video carousel, People also ask, Related searches",113000000
what are tarots,Informational,390,"0.67,0.20,0.00,0.00,0.16,0.20,0.10,0.16,0.00,0.00,0.13,1.00",54,0.00,0.00,"Sitelinks, AI Overview, Video, Knowledge panel, Related searches",884000
what does bible say about tarot cards,Informational,390,"0.10,0.16,0.68,0.01,0.16,1.00,0.25,0.56,0.20,0.01,0.00,0.00",22,0.02,0.01,"Sitelinks, AI Overview, Video, Related searches",5180000
what does the fool mean in tarot,Informational,390,"0.16,0.20,0.02,0.16,0.13,1.00,0.16,0.13,0.16,0.20,0.16,0.00",33,0.00,0.00,"Featured snippet, Sitelinks, Image pack, Video, Knowledge panel, Related searches",2230000
what does the hanged man in tarot cards mean,Informational,390,"0.44,0.23,0.44,0.15,0.81,0.67,0.54,0.67,0.67,0.00,0.67,1.00",31,0.00,0.00,"Sitelinks, AI Overview, Video, People also ask, Related searches",618000
what does the hermit card mean in tarot,Informational,390,"0.54,0.81,0.81,0.81,1.00,0.44,0.44,1.00,0.36,0.24,0.03,0.02",21,0.00,0.00,"Featured snippet, Video, People also ask, Knowledge panel, Related searches",940000
what does the star mean in tarot,Informational,390,"0.08,0.08,0.08,0.00,0.00,0.08,0.06,1.00,0.00,0.08,0.08,0.02",30,0.00,0.00,"Featured snippet, Sitelinks, Video, People also ask, Knowledge panel, Related searches",24700000
what does the star tarot card mean,Informational,390,"1.00,1.00,0.67,0.67,0.67,0.67,0.67,0.00,0.00,0.67,0.00,0.67",26,0.00,0.00,"Sitelinks, AI Overview, Video, Knowledge panel, Related searches",8520000
what does the tarot card high priestess mean,Informational,390,"1.00,0.54,0.66,0.66,0.81,0.81,0.81,0.81,0.66,0.54,0.54,0.66",28,0.02,0.01,"Sitelinks, AI Overview, Instant answer, Video, Knowledge panel, Related searches",940000
what does the wheel of fortune tarot card mean,Informational,390,"1.00,1.00,1.00,1.00,0.80,0.80,0.18,0.07,0.67,0.67,0.67,0.67",10,0.00,0.00,"Sitelinks, AI Overview, Video, People also ask, Related searches",1030000
what does the world tarot card mean,Informational,390,"1.00,0.67,0.67,0.67,0.33,0.67,0.67,0.00,0.33,0.33,0.33,0.67",20,0.00,0.00,"Featured snippet, Sitelinks, Video, People also ask, Related searches",18100000
what is the overall message of the 'lovers' tarot card,Informational,390,"1.00,0.00,0.00,0.00,0.00,0.00,0.00",1,0.00,0.00,"Sitelinks, AI Overview, Image pack, Video, Video carousel, People also ask, Related searches",10
how to play tarot card reading,Informational,320,"0.36,0.12,0.45,0.24,0.09,0.07,0.67,1.00,1.00,0.07,0.07,0.01",24,0.38,0.10,"Sitelinks, AI Overview, Video, Video carousel, Discussions and forums",
what do pentacles represent in tarot,Informational,320,"0.82,1.00,1.00,1.00,0.82,0.82,0.82,1.00,0.82,0.82,0.82,0.82",21,0.00,0.00,"Sitelinks, AI Overview, Image pack, Video, Discussions and forums, Related searches",739000
what does rx mean in tarot,Informational,320,"1.00,0.00,0.00,0.00,0.00,0.00,0.01,0.00,0.00,0.00,0.00",4,0.00,0.00,"Sitelinks, AI Overview, Video, Related searches",193000
what does temperance mean in tarot,Informational,320,"0.00,0.08,0.08,0.08,0.07,0.08,0.02,1.00,0.05,0.00,0.08,0.00",29,0.00,0.00,"Featured snippet, Sitelinks, Video, People also ask, Knowledge panel, Related searches",717000
what does the emperor mean in tarot,Informational,320,"0.54,0.66,0.54,0.44,0.44,0.54,0.66,0.54,0.54,0.54,0.81,1.00",32,0.00,0.00,"Sitelinks, AI Overview, Instant answer, Video, Knowledge panel, Related searches",1340000
what does the hermit mean in tarot cards,Informational,320,"0.24,0.10,0.67,1.00,0.13,0.16,0.08,0.30,0.08,0.76,0.00,0.00",22,0.00,0.00,"Sitelinks, AI Overview, Video, Related searches",907000
what does the hierophant tarot card mean,Informational,320,"0.44,0.54,0.66,0.66,0.54,0.66,0.66,0.66,0.66,0.66,0.81,1.00",31,0.00,0.00,"Featured snippet, Sitelinks, Image pack, Video, Knowledge panel, Related searches",491000
what does the magician mean in tarot,Informational,320,"0.07,0.02,0.07,0.01,0.05,0.01,0.05,1.00,0.05,0.05,0.00,0.07",18,0.00,0.00,"Featured snippet, Sitelinks, Video, People also ask, Knowledge panel, Related searches",1540000
what does the tarot card death mean,Informational,320,"0.12,0.10,0.37,0.25,1.00,0.25,0.10,0.04,0.37,0.07,0.25,0.77",27,0.00,0.00,"Sitelinks, AI Overview, Video, Knowledge panel, Related searches",7140000
what is a tarot reading,Informational,320,"0.33,0.53,0.00,0.43,0.80,0.17,1.00,0.03,0.80,0.80,0.67,0.67",34,0.00,0.00,"Sitelinks, AI Overview, Video, Knowledge panel, Related searches",114000000
what is my birth tarot card,Informational,320,"1.00,1.00,0.81,0.54,0.44,0.36,0.36,0.36,0.44,0.36,0.36,0.29",31,0.00,0.00,"Sitelinks, Image pack, Video, Related searches",12800000
what is the 11th tarot card,Informational,320,"1.00,0.31,0.13,0.00,0.04,0.02,0.00,0.00,0.00,0.00,0.00,0.00",16,0.00,0.00,"Sitelinks, AI Overview, Image, Image pack, Video, Related searches",57900000
where do tarot cards come from,Informational,320,"0.15,0.54,0.62,0.62,0.62,0.85,1.00,0.62,0.62,0.62,0.54,0.00",50,0.00,0.00,"Sitelinks, AI Overview, Video, Discussions and forums, Related searches",36100000
how to do a tarot reading on yourself,Informational,260,"1.00,0.27,0.34,0.52,0.23,0.23,0.43,0.82,0.34,0.43,0.23,0.11",11,0.00,0.00,"Sitelinks, AI Overview, Image pack, Video, Related searches",25200000
how to do tarot,Informational,260,"1.00,0.82,0.53,0.53,0.28,0.43,0.53,0.66,0.66,0.66,0.66,0.82",23,0.00,0.00,"Sitelinks, AI Overview, Image pack, Video, People also ask, Related searches",176000000
how to do tarot card readings,Informational,260,"1.00,0.02,0.01,0.00,0.01,0.01,0.00,0.01,0.01,0.02,0.02,0.02",51,0.00,0.00,"Sitelinks, AI Overview, Image pack, Video, People also ask, Discussions and forums, Related searches",33500000
how to do tarot readings,Informational,260,"0.36,0.29,0.18,0.18,0.11,0.22,0.36,0.67,0.67,0.80,1.00,0.80",27,0.00,0.00,"Sitelinks, AI Overview, Image pack, Video, Discussions and forums, Related searches",23200000
how to learn tarot,Informational,260,"1.00,0.82,0.55,0.44,0.44,0.44,0.55,0.67,0.67,0.44,0.35,0.67",12,0.00,0.00,"Sitelinks, AI Overview, Image pack, Video, Related searches",43400000
how to make tarot cards out of index cards,Informational,260,"0.00,0.00,0.00,0.00,0.00,0.00,0.00,0.00,0.00,1.00,0.00,0.00",12,0.00,0.00,"Sitelinks, AI Overview, Image, Image pack, Video, Video carousel, People also ask, Related searches",5350000
may 6 2025 tarot horoscope,"Informational, Commercial",260,"1.00,0.00,0.00,0.00,0.00",21,0.00,0.00,"AI Overview, Image pack, Video",17700000
what do cups represent in tarot,Informational,260,"0.77,0.77,0.77,1.00,0.62,0.77,0.77,0.62,0.62,0.77,1.00,0.77",9,0.00,0.00,"Sitelinks, AI Overview, Video, People also ask, Discussions and forums, Related searches",1470000
what do tarot cards mean,Informational,260,"0.16,0.16,0.13,0.13,0.13,0.13,0.11,0.08,0.11,0.11,1.00,0.13",54,0.00,0.00,"Sitelinks, AI Overview, Image pack, Video, Related searches",16700000
what do the tarot cards do in phasmophobia,Informational,260,"0.02,0.36,0.54,1.00,0.29,0.12,0.29,0.19,0.23,0.12,0.12,0.23",22,0.00,0.00,"Sitelinks, AI Overview, Image, Video, Video carousel, People also ask, Related searches",104000
what does each tarot card mean,Informational,260,"1.00,1.00,1.00,1.00,0.65,0.82,0.82,0.65,0.65,0.82,0.82,0.82",60,0.00,0.00,"Sitelinks, AI Overview, Image pack, Video, Discussions and forums, Related searches",20000000
what does hermit mean in tarot,Informational,260,"0.23,0.18,0.54,0.35,0.28,0.06,0.81,1.00,1.00,0.28,0.00,0.08",21,0.00,0.00,"Featured snippet, Sitelinks, Image pack, Video, Knowledge panel, Related searches",992000
what does magician tarot card mean,Informational,260,"0.44,0.01,0.66,0.23,0.18,0.44,0.81,1.00,1.00,0.28,0.28,0.00",25,0.00,0.00,"Sitelinks, AI Overview, Image, Video, People also ask, Related searches",1290000
what does tarot mean,Informational,260,"0.00,0.01,0.01,0.00,0.00,1.00,0.00,0.00,0.00,0.00,0.00,0.00",63,0.00,0.00,"Sitelinks, Instant answer, Image pack, Video, People also ask, Related searches",48900000
what does the chariot mean in a tarot reading,Informational,260,"0.39,0.21,0.26,0.17,0.26,0.11,0.14,0.59,0.48,0.17,0.14,1.00",21,0.00,0.00,"Sitelinks, AI Overview, Image, Video, People also ask, Related searches",126000
what does the hanged man mean in tarot cards,Informational,260,"0.03,0.03,0.02,0.00,0.05,0.02,0.02,1.00,0.05,0.00,0.03,0.00",28,0.00,0.00,"Sitelinks, AI Overview, Video, Related searches",595000
what does the high priest tarot card mean,Informational,260,"0.66,0.35,0.44,0.28,0.44,0.18,0.23,1.00,0.81,0.23,0.23,0.66",23,0.02,0.01,"AI Overview, Instant answer, Video, Knowledge panel, Related searches",856000
what does the tarot card the hermit mean,Informational,260,"0.19,0.19,0.35,0.30,0.30,0.14,0.68,1.00,0.54,0.43,0.00,0.00",21,0.00,0.00,"Sitelinks, AI Overview, Video, Knowledge panel, Discussions and forums, Related searches",992000
what does the tower mean in tarot,Informational,260,"0.81,0.00,0.18,0.66,0.23,0.54,0.54,0.54,0.54,0.66,1.00,0.81",23,0.00,0.00,"Featured snippet, Sitelinks, Image pack, Video, Knowledge panel, Related searches",3620000
what is tarot cards,Informational,260,"0.00,0.00,1.00,0.00,0.00,0.00,0.10,0.00,0.00,0.76,0.00,0.00",50,0.00,0.00,"Sitelinks, AI Overview, Video, Related searches",169000000
what is the 10th tarot card,Informational,260,"1.00,0.28,0.00,0.09,0.00,0.00,0.00,0.00,0.00,0.00,0.00,0.00",17,0.00,0.00,"Sitelinks, AI Overview, Image, Video, Video carousel, People also ask, Related searches",3900000
what is the 5th tarot card,Informational,260,"1.00,0.35,0.11,0.09,0.07,0.04,0.00,0.00,0.00,0.00,0.00,0.00",24,0.00,0.00,"Sitelinks, AI Overview, Video, Related searches",4900000
what is the 6th tarot card,Informational,260,"1.00,0.63,0.00,0.00,0.00,0.00,0.00,0.00,0.00,0.00,0.00,0.00",20,0.00,0.00,"Sitelinks, AI Overview, Image pack, Video, Related searches",3960000
what is your tarot card,Informational,260,"1.00,1.00,1.00,0.50,0.50,0.50,0.50,0.00,0.50,0.50,1.00,0.00",24,0.00,0.00,"Sitelinks, Image pack, Video, Related searches",60300000
does he love me tarot,Informational,210,"0.54,1.00,1.00,1.00,0.81,0.54,0.65,0.54,0.65,0.54,0.65,0.54",0,0.00,0.00,"Sitelinks, Image pack, Video, Related searches",149000000
does he miss me tarot,Informational,210,"0.67,0.81,1.00,0.81,1.00,0.53,0.12,0.27,0.05,0.07,0.22,0.27",0,0.00,0.00,"Sitelinks, Video, Discussions and forums, Related searches, Ads bottom, Ads middle",34800000
how many tarot cards,Informational,210,"1.00,0.10,0.08,0.06,0.00,0.00,0.00,0.08,0.00,0.00,0.00,0.01",65,0.00,0.00,"Sitelinks, Video, People also ask, Related searches",30900000
how to do a tarot reading for yourself,Informational,210,"0.81,0.66,0.53,0.53,0.53,0.53,0.81,0.13,1.00,1.00,0.44,0.53",19,0.00,0.00,"Featured snippet, Sitelinks, Image pack, Video, People also ask, Related searches",26400000
how to interpret tarot cards,Informational,210,"0.67,0.67,0.42,0.53,0.35,0.42,0.67,1.00,0.53,0.53,0.42,0.42",24,0.00,0.00,"Sitelinks, AI Overview, Image pack, Video, Discussions and forums, Related searches",67600000
how to tarot read,Informational,210,"1.00,0.50,0.00,0.00,0.25,0.25,0.50,0.50,0.50,0.50,0.25,0.75",25,0.00,0.00,"Sitelinks, AI Overview, Image pack, Video, Related searches",47700000
may 18 2025 tarot horoscope,Informational,210,"1.00,0.00,0.00,0.00,0.00",24,0.00,0.00,"AI Overview, Image pack, Video",14400000
what do tarot cards do,Informational,210,"1.00,0.00,0.00,0.00,0.08,0.00,0.00,0.00,0.00,0.00,0.02,0.00",32,0.00,0.00,"Featured snippet, Sitelinks, AI Overview, Video, Discussions and forums, Related searches",50800000
what does he think of me tarot,Informational,210,"1.00,1.00,0.64,0.53,0.81,0.64,0.19,0.33,0.14,0.06,0.08,0.03",0,0.00,0.00,"Sitelinks, Image pack, Video, Discussions and forums, Related searches",39400000
what does the devil card mean in the tarot deck,Informational,210,"1.00,0.36,1.00,0.19,0.19,0.19,0.03,0.00,0.00,0.00,0.00,0.00",10,2.50,0.00,"Sitelinks, AI Overview, Image pack, Video, Video carousel, Related searches",168000
what does the hangman mean in tarot,Informational,210,"1.00,0.00,0.00,0.06,0.08,0.06,0.00,0.01,0.00,0.08,0.00,0.00",36,0.00,0.00,"Sitelinks, Instant answer, Image pack, Video, Knowledge panel, Related searches",566000
what does the judgement tarot card mean,Informational,210,"0.82,0.65,0.65,0.53,0.82,0.82,0.82,0.65,0.53,0.82,0.65,1.00",11,0.00,0.00,"Sitelinks, AI Overview, Video, Knowledge panel, Related searches",1260000
what does the justice tarot card mean,Informational,210,"1.00,0.50,0.50,1.00,0.00,0.50,0.50,0.00,0.50,0.50,0.00,1.00",15,0.00,0.00,"Sitelinks, AI Overview, Image, Video, People also ask, Related searches",3020000
what does the moon mean in tarot,Informational,210,"1.00,1.00,0.71,0.00,0.71,1.00,0.71,1.00,0.71,1.00,1.00,1.00",35,0.00,0.00,"Sitelinks, Instant answer, Image, Image pack, Video, People also ask, Knowledge panel, Related searches",20700000
what does the sun mean in tarot,Informational,210,"1.00,0.81,0.64,0.64,0.53,0.81,0.11,0.06,0.81,1.00,1.00,1.00",12,0.00,0.00,"Sitelinks, Instant answer, Video, People also ask, Knowledge panel, Discussions and forums, Related searches",10
what religion is tarot cards,Informational,210,"0.06,0.06,0.06,0.04,0.04,0.05,0.04,0.04,0.01,0.00,0.00,1.00",21,0.00,0.00,"Sitelinks, AI Overview, Video, Related searches",101000000
what's my tarot card,Informational,210,"1.00,0.81,0.64,0.64,0.64,0.64,0.53,0.53,0.53,0.64,0.53,0.64",9,0.00,0.00,"Sitelinks, AI Overview, Video, People also ask, Related searches",33000000
who invented tarot cards,Informational,210,"0.15,0.80,0.80,1.00,0.65,0.80,0.65,0.80,0.65,1.00,0.80,0.00",52,0.00,0.00,"Sitelinks, AI Overview, Image pack, Video, Related searches",903000
are tarot readings real,Informational,170,"0.04,0.02,0.01,0.02,0.01,0.02,0.01,0.01,0.00,1.00,0.00,0.00",23,0.00,0.00,"Sitelinks, AI Overview, Image pack, Video, People also ask, Related searches",16300000
how many cards to draw in tarot,Informational,170,"0.00,0.00,0.00,0.00,0.00,1.00,0.00,0.00,0.00,0.00,0.00,0.00",9,0.00,0.00,"Sitelinks, AI Overview, Image pack, Video, Related searches",6800000
how often should you do a tarot reading on yourself,Informational,170,"0.00,1.00,0.00,0.00,0.00,0.00,0.00,0.00,0.00,0.00,0.00,0.00",12,0.00,0.00,"Sitelinks, AI Overview, Video, People also ask, Related searches",27100000
how to deal tarot cards,Informational,170,"1.00,0.80,1.00,0.80,0.65,0.65,0.42,0.80,0.65,0.80,0.80,0.65",17,0.00,0.00,"Sitelinks, AI Overview, Image pack, Video, People also ask, Related searches",58700000
how to do a tarot reading on myself,,170,"0.00,0.00,0.01,0.00,0.00,0.00,0.00,0.00,0.00,0.00,1.00,0.01",,0.00,0.00,,
how to do tarot reading,Informational,170,"0.67,1.00,0.44,0.44,0.13,0.23,0.23,0.54,0.13,0.67,0.23,0.82",31,0.00,0.00,"Sitelinks, AI Overview, Video, Video carousel, People also ask, Related searches",82500000
how to get tarot cards in phasmophobia,,170,"0.00,0.02,0.00,0.00,0.00,0.00,0.00,0.00,0.00,0.00,1.00,0.00",,0.00,0.00,,
how to learn tarot cards reading,Informational,170,"0.35,0.28,0.28,0.43,0.53,1.00,0.28,0.53,0.82,0.35,0.28,0.53",11,0.48,0.59,"Sitelinks, AI Overview, Image pack, Video, Video carousel, People also ask, Related searches",10
how to pronounce tarot,Informational,170,"0.00,0.00,0.00,0.00,0.02,1.00,0.00,0.00,0.00,0.00,0.00,0.00",35,0.00,0.00,"Sitelinks, Video, Video carousel, Short videos, People also ask, Knowledge panel, Related searches",119000000
is tarot card reading real,Informational,170,"0.02,0.00,0.00,0.00,0.00,0.00,0.00,1.00,0.00,0.00,0.00,0.00",23,0.00,0.00,"Sitelinks, AI Overview, Image pack, Video, People also ask, Related searches",35500000
may love life tarot,,170,"1.00,1.00,0.00,0.00,0.00,0.00",24,0.00,0.00,"Sitelinks, Image pack, Video, Related searches",53600000
what do the tarot cards mean,Informational,170,"0.79,1.00,0.79,0.66,0.66,0.41,0.34,0.41,0.52,0.52,0.66,0.52",55,0.00,0.00,"Sitelinks, AI Overview, Image pack, Video, Discussions and forums, Related searches",17900000
what does hanged man mean in tarot,Informational,170,"0.00,0.00,0.00,0.03,0.00,0.76,0.00,0.00,0.67,0.00,0.03,1.00",29,0.00,0.00,"Sitelinks, AI Overview, Instant answer, Video, Video carousel, People also ask, Knowledge panel, Related searches",777000
what does the hanged man card mean in tarot,Informational,170,"0.18,0.28,0.28,0.28,0.23,0.35,0.18,0.66,0.18,0.05,0.23,1.00",29,0.00,0.00,"Featured snippet, Sitelinks, Video, People also ask, Knowledge panel, Related searches",651000
what does the strength tarot card mean,Informational,170,"1.00,1.00,1.00,0.00,1.00,0.00,1.00,0.50,0.00,0.50,0.50,1.00",25,0.00,0.00,"Sitelinks, AI Overview, Video, Knowledge panel, Related searches",4970000
what does the tarot lovers card mean,,170,"0.35,0.35,0.35,0.35,0.29,0.29,0.29,0.35,0.29,0.29,0.35,1.00",,0.04,0.02,,
what does the temperance tarot card mean,Informational,170,"0.00,1.00,0.80,1.00,0.60,0.80,0.00,0.80,0.80,0.00,0.80,1.00",22,0.00,0.00,"Sitelinks, AI Overview, Video, People also ask",556000
what he thinks tarot,Informational,170,"1.00,1.00,0.53,0.66,0.44,0.22,0.06,0.00,0.00,0.00,0.03,0.00",2,0.00,0.00,"Sitelinks, AI Overview, Video, Discussions and forums, Related searches",53000000
what is tarot card,Informational,170,"0.14,0.01,0.01,1.00,0.02,0.01,0.01,0.01,0.88,0.00,0.02,0.02",60,0.00,0.00,"Sitelinks, AI Overview, Video, Knowledge panel, Discussions and forums, Related searches",86900000
a imperatriz tarot,Informational,140,"0.79,1.00,1.00,1.00,1.00,1.00,1.00,1.00,1.00,0.06,0.06,0.06",26,0.00,0.00,"Sitelinks, Video, Knowledge panel, Related searches",352000
does he love me tarot cards,Informational,140,"0.41,0.41,0.54,0.54,1.00,0.15,0.33,0.65,0.65,0.54,0.26,0.41",0,2.74,0.14,"Sitelinks, Image, Video, Video carousel, People also ask, Knowledge panel, Discussions and forums, Related searches",28400000
how accurate are tarot readings,Informational,140,"1.00,0.52,0.28,0.06,0.02,0.06,0.09,0.11,0.02,0.65,0.09,0.11",21,0.00,0.00,"Sitelinks, AI Overview, Image pack, Video, Related searches",2540000
how do you say tarot,Informational,140,"0.79,0.52,0.66,0.52,0.52,1.00,0.66,0.66,0.66,0.52,0.52,0.52",27,0.00,0.00,"Sitelinks, Image, Image pack, Video, Video carousel, People also ask, Knowledge panel, Related searches",10
how does he feel about me tarot spread,,140,"0.00,0.00,0.00,0.00,0.00,0.00,0.00,0.00,0.00,1.00,0.00,0.00",,0.00,0.00,,
how to find your birth tarot card,Informational,140,"0.80,0.80,1.00,0.80,0.80,0.35,0.19,0.19,0.26,0.19,0.42,0.19",26,0.00,0.00,"Sitelinks, AI Overview, Image, Image pack, Video, Related searches",8900000
how to find your tarot card,Informational,140,"1.00,1.00,0.66,0.51,0.51,0.51,0.43,0.31,0.66,0.51,0.51,0.31",11,0.00,0.00,"Sitelinks, AI Overview, Image, Image pack, Video, People also ask, Discussions and forums, Related searches",10
how to lay out tarot cards,Informational,140,"1.00,0.82,0.66,0.66,0.32,0.52,0.32,0.52,0.32,0.32,0.00,0.00",31,0.00,0.00,"Sitelinks, AI Overview, Video, Related searches",11500000
how to pull tarot cards for yourself,Informational,140,"0.66,0.66,1.00,1.00,0.66,0.52,0.23,0.33,0.52,0.52,0.52,0.00",20,0.00,0.00,"Sitelinks, AI Overview, Image pack, Video, People also ask, Discussions and forums, Related searches",2830000
how to read 5 card tarot spread,Informational,140,"1.00,0.00,0.00,0.00,0.00,0.00,0.00,0.00,0.00,0.01,0.00,0.00",18,0.00,0.00,"AI Overview, Image pack, Video, Discussions and forums, Related searches",3230000
how to read tarot card combinations,Informational,140,"0.65,0.65,0.65,0.80,0.80,0.80,1.00,0.80,0.42,0.15,0.07,0.03",6,0.00,0.00,"Sitelinks, AI Overview, Image pack, Video, Discussions and forums, Related searches",2720000
how to tarot,Informational,140,"1.00,1.00,1.00,0.83,0.83,0.83,0.83,0.83,0.83,0.83,0.63,0.83",23,0.00,0.00,"Sitelinks, AI Overview, Video, Video carousel, Related searches",10
what are the tarot cards,Informational,140,"0.38,0.38,0.25,0.38,0.38,0.13,0.38,0.50,0.25,0.38,0.25,1.00",64,0.00,0.00,"Sitelinks, AI Overview, Video, People also ask, Knowledge panel, Related searches",69700000
what does the bible say about tarot cards,,140,"0.01,0.00,0.00,0.01,0.00,0.01,0.00,0.00,0.04,0.00,0.00,1.00",,0.00,0.00,,
what does the moon card mean in tarot,Informational,140,"1.00,1.00,0.65,0.65,0.52,1.00,0.83,0.83,0.65,0.65,1.00,0.17",28,0.00,0.00,"Featured snippet, Sitelinks, Video, Knowledge panel, Related searches",8020000
what does the world card mean in tarot,Informational,140,"1.00,0.71,0.57,0.71,0.71,1.00,0.57,0.14,0.57,0.57,0.57,0.71",34,0.00,0.00,"Featured snippet, Sitelinks, Image pack, Video, Knowledge panel, Related searches",17800000
what does the world mean in tarot,Informational,140,"1.00,1.00,0.88,0.88,0.63,0.88,0.25,0.88,0.00,0.63,1.00,0.88",20,0.00,0.00,"Featured snippet, Sitelinks, Image pack, Video, Knowledge panel, Related searches",34500000
what is a tarot,Informational,140,"0.00,0.00,0.00,1.00,0.00,0.50,0.00,0.00,0.31,0.00,0.00,1.00",60,0.00,0.00,"Sitelinks, AI Overview, Instant answer, Video, Knowledge panel, Related searches",144000000
what is the 12th tarot card,Informational,140,"1.00,0.35,0.00,0.00,0.00,0.00,0.02,0.00,0.00,0.00,0.00,0.00",27,0.00,0.00,"Sitelinks, AI Overview, Video, Related searches",56800000
what to ask tarot cards,Informational,140,"0.81,1.00,0.81,0.81,0.64,0.64,0.81,0.81,0.81,0.64,1.00,0.81",10,0.00,0.00,"Sitelinks, AI Overview, Image, Image pack, Video, Video carousel, People also ask, Related searches",10
what's on tarot cards,,140,1.00,,0.00,0.00,,
when were tarot cards invented,Informational,140,"0.26,0.03,0.65,1.00,0.65,0.65,0.80,0.65,0.65,0.00,0.03,0.00",38,0.00,0.00,"Sitelinks, AI Overview, Image pack, Video, People also ask, Discussions and forums, Related searches",897000
where did tarot cards come from,Informational,140,"0.11,0.41,0.64,0.64,0.64,1.00,0.80,0.64,0.34,0.41,0.02,0.07",50,0.00,0.00,"Sitelinks, AI Overview, Image pack, Video, People also ask, Related searches",63900000
where to buy tarot cards,Transactional,140,"1.00,0.00,0.00,0.19,0.44,0.19,0.00,0.00,0.06,0.06,0.06,0.25",22,0.00,0.00,"Sitelinks, Image, Video, People also ask, Local pack, Related searches",48200000
where was tarot filmed,Informational,140,"0.00,0.00,0.00,0.00,0.00,0.00,0.00,0.00,0.00,0.00,0.00,0.00",30,0.00,0.00,"Sitelinks, AI Overview, Image, Image pack, Video, People also ask, Related searches",3190000
are tarot readings accurate,Informational,110,"0.80,1.00,1.00,1.00,1.00,1.00,0.00,0.10,1.00,1.00,0.80,1.00",20,0.00,0.00,"Sitelinks, AI Overview, Video, People also ask, Related searches",2260000
cómo leer las cartas del tarot guía simplificada,"Informational, Commercial",110,"1.00,0.00,0.00,0.00,0.00,0.00",12,0.00,0.00,"Image pack, Video, Related searches",15100
how to do a 3 card tarot reading,Informational,110,"0.51,0.51,0.42,0.51,0.33,0.42,0.42,1.00,0.33,0.42,0.33,0.14",26,0.00,0.00,"Sitelinks, AI Overview, Image pack, Video, People also ask, Related searches",569000000
how to do a tarot reading for someone else,Informational,110,"0.00,0.00,0.57,1.00,0.43,0.43,0.57,0.43,0.71,0.43,0.43,0.00",2,0.00,0.00,"Sitelinks, AI Overview, Video, Related searches",51300000
how to learn tarot card reading,Informational,110,"0.52,0.33,0.67,1.00,0.52,0.52,0.52,0.81,0.67,0.81,0.19,0.81",27,0.00,0.00,"Sitelinks, AI Overview, Image pack, Video, Discussions and forums, Related searches",32000000
how to read tarot cards for yourself,Informational,110,"0.20,0.02,0.02,0.28,0.02,0.11,0.52,0.81,1.00,0.33,0.00,0.15",14,0.00,0.00,"Sitelinks, AI Overview, Image pack, Video, Video carousel, People also ask",
is he thinking about me tarot,Informational,110,"1.00,1.00,1.00,1.00,0.78,0.35,0.04,0.22,0.00,0.00,0.00,0.00",0,0.00,0.00,"Sitelinks, Image pack, Video, Related searches",47300000
what are all the tarot cards,Informational,110,"0.82,1.00,0.64,0.82,0.82,0.52,1.00,0.82,0.82,1.00,1.00,1.00",72,0.00,0.00,"Sitelinks, AI Overview, Video, People also ask, Knowledge panel, Related searches",52800000
what do the wands mean in tarot,Informational,110,"0.33,0.33,0.66,0.52,0.33,0.33,0.42,0.52,0.66,0.52,1.00,0.52",11,0.00,0.00,"Sitelinks, AI Overview, Video, Related searches",1390000
what do wands mean in tarot,Informational,110,"0.64,0.49,0.79,0.79,0.64,0.79,0.79,1.00,0.79,0.79,1.00,1.00",21,0.00,0.00,"Sitelinks, AI Overview, Image pack, Video, Discussions and forums, Related searches",1550000
what does cups represent in tarot,Informational,110,"0.82,0.52,0.82,0.52,0.65,0.23,1.00,0.82,0.52,0.82,0.65,0.82",14,0.00,0.00,"Sitelinks, AI Overview, Video, People also ask, Related searches",2110000
what does the ace of swords mean in tarot,Informational,110,"0.52,0.64,0.52,0.64,0.41,1.00,0.64,0.82,0.52,0.64,0.64,0.64",26,0.00,0.00,"Featured snippet, AI Overview, Video, Related searches",639000
what does the ace of wands tarot card mean,Informational,110,"0.53,0.65,0.65,0.53,0.41,0.53,0.41,0.53,0.53,0.83,0.65,1.00",18,0.00,0.00,"Sitelinks, AI Overview, Image, Video, People also ask, Related searches",811000
what does the devil mean in tarot,Informational,110,"1.00,0.00,0.66,0.80,1.00,0.09,0.00,0.23,0.00,0.80,0.66,0.00",23,0.00,0.00,"Featured snippet, Sitelinks, Video, Knowledge panel, Related searches",4680000
what does the emperor mean in tarot cards,Informational,110,"0.25,0.25,0.25,0.25,0.17,0.21,0.25,1.00,0.21,0.33,0.04,0.00",23,0.00,0.00,"Sitelinks, AI Overview, Image pack, Video, Discussions and forums, Related searches",936000
what does the king of cups mean in tarot,Informational,110,"1.00,0.81,1.00,1.00,0.81,1.00,1.00,1.00,1.00,0.81,0.81,1.00",14,0.00,0.00,"Sitelinks, AI Overview, Image pack, Video, Related searches",1180000
what does the knight of wands mean in tarot,Informational,110,"1.00,0.53,0.53,0.65,0.41,0.53,0.53,0.53,0.53,0.53,0.53,0.53",17,0.00,0.00,"Sitelinks, AI Overview, Video, Related searches",524000
what he thinks of me tarot,Informational,110,"0.81,0.00,0.52,0.20,0.52,1.00,0.43,1.00,0.00,0.06,0.00,0.00",6,0.00,0.00,"Sitelinks, Image pack, Video, Video carousel, People also ask, Related searches",10
what is my tarot birth card,Informational,110,"1.00,0.64,1.00,0.73,0.73,0.27,0.18,0.45,0.27,0.27,0.27,0.36",19,0.00,0.00,"Sitelinks, Image, Video, Related searches",11600000
what is the 3rd tarot card,Informational,110,"1.00,0.02,0.00,0.00,0.00,0.02,0.00,0.00,0.00,0.02,0.00,0.00",28,0.00,0.00,"Sitelinks, AI Overview, Image, Image pack, Video, People also ask, Related searches",75600000
what is the 8th tarot card,Informational,110,"1.00,0.26,0.13,0.00,0.00,0.00,0.00,0.00,0.00,0.00,0.02,0.00",15,0.00,0.00,"Sitelinks, AI Overview, Image, Video, Related searches",75000000
what is the third tarot card,Informational,110,"1.00,0.33,0.14,0.06,0.06,0.06,0.06,0.06,0.06,0.06,0.06,0.06",26,0.00,0.00,"Sitelinks, AI Overview, Image, Image pack, Video, Related searches",16500000
what size are tarot cards,Informational,110,"1.00,1.00,0.78,1.00,0.78,0.64,0.78,1.00,1.00,0.14,0.14,0.14",14,0.00,0.00,"Sitelinks, Video, Related searches",99
what tarot card represents cancer,Informational,110,"1.00,0.76,0.62,0.62,0.48,0.34,0.48,0.00,0.34,0.07,0.28,0.34",16,0.00,0.00,"AI Overview, Image, Image pack, Video, Related searches",1660000
where does tarot come from,Informational,110,"0.05,0.83,0.83,1.00,0.83,0.83,0.05,0.83,0.83,0.65,0.65,0.00",46,0.00,0.00,"Sitelinks, AI Overview, Video, Related searches",73400000
